First,Second,Third
Addison,Benson,Chandler
Addison,Benson,Chandler
Addison,Benson,Chandler
Addison,Benson,Chandler
Addison,Benson,Chandler
Addison,Benson,Chandler
Addison,Benson,Chandler
Addison,Benson,Chandler
Chandler,Benson,Addison
Chandler,Benson,Addison
Chandler,Benson,Addison
Chandler,Benson,Addison
Chandler,Benson,Addison
Addison,Chandler,Benson
Addison,Chandler,Benson
Benson,Addison,Chandler
Benson,Addison,Chandler
Benson,Addison,Chandler
Benson,Chandler,Addison
Benson,Chandler,Addison
Benson,Chandler,Addison